Workbook

Sheet Resources
A1: ID | B1: Name | C1: Category | D1: Neighborhood | E1: ZIP | F1: Phone | G1: Website | H1: Description
A2: 11 | B2: AAMA Adelante Adult Literacy | C2: Education & ESL | D2: East End | E2: 77023 | F2: 713-929-2330 | G2: aama.org | H2: Free ESL adult basic education GED computer literacy and workforce certification classes plus free child care for qualifying students.
A3: 10 | B3: AVANCE-Houston | C3: Education & ESL | D3: Northside | E3: 77009 | F3: 713-869-1684 | G3: avancehouston.org | H3: Parent and early-childhood education programs including ESL Head Start and General Equivalency Diploma preparation for low-income families.
A4: 8 | B4: BakerRipley Adult Education | C4: Education & ESL | D4: Citywide | F4: 713-273-3719 | G4: economicinitiatives.bakerripley.org | H4: Free ESL GED and computer literacy classes for adult learners at multiple campuses across Harris County with no minimum education requirement.
A5: 12 | B5: HCDE Adult Education ESL | C5: Education & ESL | D5: Citywide | F5: 713-692-6216 | G5: hcde-texas.org | H5: Harris County Department of Education program offering free beginning through advanced ESL classes online and in person across the county.
A6: 13 | B6: Houston Public Library - Cultural Connections & ESL | C6: Education & ESL | D6: Citywide | F6: 832-393-1313 | G6: houstonlibrary.org | H6: Free English and language-learning classes plus cultural-orientation programming open to new immigrants at branches across the city.
A7: 9 | B7: Literacy Advance - Memorial Assistance Ministries | C7: Education & ESL | D7: Spring Branch | E7: 77080 | F7: 713-468-4516 | G7: mamhouston.org | H7: Free English and reading classes for adults running since 1964 supported by volunteer tutors plus citizenship and employment-readiness classes.
A8: 17 | B8: Houston Food Bank | C8: Food Assistance | D8: East Houston | E8: 77029 | F8: 713-223-3700 | G8: houstonfoodbank.org | H8: Largest hunger-relief organization in southeast Texas coordinating pantries meal programs and produce distributions across 18 counties.
A9: 19 | B9: Interfaith Ministries for Greater Houston | C9: Food Assistance | D9: Downtown | E9: 77002 | F9: 713-533-4900 | G9: imgh.org | H9: Emergency food assistance and a Meals on Wheels senior meals program alongside refugee housing English classes and job placement support.
A10: 20 | B10: Kids' Meals | C10: Food Assistance | D10: Citywide | F10: 713-695-5437 | G10: kidsmealsinc.org | H10: Delivers free healthy meals on weekdays to the homes of children under six and connects families to a broader support network.
A11: 18 | B11: Target Hunger | C11: Food Assistance | D11: Near Northside | E11: 77026 | F11: 713-226-4953 | G11: targethunger.org | H11: Food assistance and navigation programs that provided food to more than 25000 individuals and 9200 households across Houston in 2025.
A12: 15 | B12: El Centro de Corazon | C12: Healthcare | D12: East End | E12: 77011 | F12: 713-660-1880 | G12: elcentrodecorazon.org | H12: Federally qualified health center serving low-income and predominantly Hispanic families in Houston's East End with medical and dental care.
A13: 14 | B13: HOPE Clinic | C13: Healthcare | D13: Southwest Houston | E13: 77036 | F13: 713-773-0803 | G13: hopechc.org | H13: Multicultural community health center providing primary medical dental and behavioral health care for low-income and immigrant families.
A14: 16 | B14: Legacy Community Health | C14: Healthcare | D14: Citywide | F14: 832-548-5000 | G14: legacycommunityhealth.org | H14: Federally qualified health network with clinics across Houston offering sliding-scale primary care for low-income and uninsured residents.
A15: 7 | B15: BakerRipley Gulfton-Sharpstown Campus | C15: Multi-Service Community Center | D15: Gulfton | E15: 77074 | F15: 713-273-3700 | G15: bakerripley.org | H15: Five-building neighborhood campus offering early childhood education youth programs immigration services and a community garden for residents from 80-plus countries.
A16: 5 | B16: BPSOS-Houston | C16: Refugee & Immigration Services | D16: Alief | E16: 77072 | F16: 281-530-6888 | G16: bpsos.org | H16: Boat People S.O.S. affiliate supporting Vietnamese and other Southeast Asian immigrant and refugee families with case management and civic engagement.
A17: 3 | B17: CWS Houston | C17: Refugee & Immigration Services | D17: Sharpstown | E17: 77074 | F17: 346-200-9951 | G17: cwshouston.org | H17: Resettlement case management housing assistance ESL and cultural orientation referrals and support for unaccompanied minors transitioning into local care.
A18: 4 | B18: Catholic Charities of the Archdiocese of Galveston-Houston | C18: Refugee & Immigration Services | D18: Midtown | E18: 77006 | F18: 713-526-4611 | G18: catholiccharities.org | H18: Refugee resettlement immigration legal services family strengthening and senior services serving more than 85000 people a year across the region.
A19: 6 | B19: Houston Welcomes Refugees | C19: Refugee & Immigration Services | D19: Citywide | F19: 979-255-5188 | G19: houstonwelcomesrefugees.com | H19: Volunteer welcome teams that deliver welcome kits and groceries and connect newly arrived refugees to critical resources in their first months.
A20: 2 | B20: USCRI Houston | C20: Refugee & Immigration Services | D20: Southwest Houston | E20: 77082 | G20: refugees.org | H20: Field office of the U.S. Committee for Refugees and Immigrants providing integration support health navigation and partner referrals for newly arrived families.
A21: 1 | B21: YMCA International Services | C21: Refugee & Immigration Services | D21: Southwest Houston | E21: 77057 | F21: 346-297-2373 | G21: ymcahouston.org | H21: Case management cultural orientation employment services and immigration legal help for refugees and immigrants in one of Houston's most diverse zip codes.

Sheet Summary
A1: Resource Count by Neighborhood and Category
A3: Neighborhood | B3: Refugee & Immigration Services | C3: Multi-Service Community Center | D3: Education & ESL | E3: Healthcare | F3: Food Assistance | G3: Total
A4: Gulfton | B4: =COUNTIFS(Resources!$D$2:$D$21,$A4,Resources!$C$2:$C$21,B$3) | C4: =COUNTIFS(Resources!$D$2:$D$21,$A4,Resources!$C$2:$C$21,C$3) | D4: =COUNTIFS(Resources!$D$2:$D$21,$A4,Resources!$C$2:$C$21,D$3) | E4: =COUNTIFS(Resources!$D$2:$D$21,$A4,Resources!$C$2:$C$21,E$3) | F4: =COUNTIFS(Resources!$D$2:$D$21,$A4,Resources!$C$2:$C$21,F$3) | G4: =SUM(B4:F4)
A5: Alief | B5: =COUNTIFS(Resources!$D$2:$D$21,$A5,Resources!$C$2:$C$21,B$3) | C5: =COUNTIFS(Resources!$D$2:$D$21,$A5,Resources!$C$2:$C$21,C$3) | D5: =COUNTIFS(Resources!$D$2:$D$21,$A5,Resources!$C$2:$C$21,D$3) | E5: =COUNTIFS(Resources!$D$2:$D$21,$A5,Resources!$C$2:$C$21,E$3) | F5: =COUNTIFS(Resources!$D$2:$D$21,$A5,Resources!$C$2:$C$21,F$3) | G5: =SUM(B5:F5)
A6: Spring Branch | B6: =COUNTIFS(Resources!$D$2:$D$21,$A6,Resources!$C$2:$C$21,B$3) | C6: =COUNTIFS(Resources!$D$2:$D$21,$A6,Resources!$C$2:$C$21,C$3) | D6: =COUNTIFS(Resources!$D$2:$D$21,$A6,Resources!$C$2:$C$21,D$3) | E6: =COUNTIFS(Resources!$D$2:$D$21,$A6,Resources!$C$2:$C$21,E$3) | F6: =COUNTIFS(Resources!$D$2:$D$21,$A6,Resources!$C$2:$C$21,F$3) | G6: =SUM(B6:F6)
A7: Sharpstown | B7: =COUNTIFS(Resources!$D$2:$D$21,$A7,Resources!$C$2:$C$21,B$3) | C7: =COUNTIFS(Resources!$D$2:$D$21,$A7,Resources!$C$2:$C$21,C$3) | D7: =COUNTIFS(Resources!$D$2:$D$21,$A7,Resources!$C$2:$C$21,D$3) | E7: =COUNTIFS(Resources!$D$2:$D$21,$A7,Resources!$C$2:$C$21,E$3) | F7: =COUNTIFS(Resources!$D$2:$D$21,$A7,Resources!$C$2:$C$21,F$3) | G7: =SUM(B7:F7)
A8: Downtown | B8: =COUNTIFS(Resources!$D$2:$D$21,$A8,Resources!$C$2:$C$21,B$3) | C8: =COUNTIFS(Resources!$D$2:$D$21,$A8,Resources!$C$2:$C$21,C$3) | D8: =COUNTIFS(Resources!$D$2:$D$21,$A8,Resources!$C$2:$C$21,D$3) | E8: =COUNTIFS(Resources!$D$2:$D$21,$A8,Resources!$C$2:$C$21,E$3) | F8: =COUNTIFS(Resources!$D$2:$D$21,$A8,Resources!$C$2:$C$21,F$3) | G8: =SUM(B8:F8)
A9: East End | B9: =COUNTIFS(Resources!$D$2:$D$21,$A9,Resources!$C$2:$C$21,B$3) | C9: =COUNTIFS(Resources!$D$2:$D$21,$A9,Resources!$C$2:$C$21,C$3) | D9: =COUNTIFS(Resources!$D$2:$D$21,$A9,Resources!$C$2:$C$21,D$3) | E9: =COUNTIFS(Resources!$D$2:$D$21,$A9,Resources!$C$2:$C$21,E$3) | F9: =COUNTIFS(Resources!$D$2:$D$21,$A9,Resources!$C$2:$C$21,F$3) | G9: =SUM(B9:F9)
A10: East Houston | B10: =COUNTIFS(Resources!$D$2:$D$21,$A10,Resources!$C$2:$C$21,B$3) | C10: =COUNTIFS(Resources!$D$2:$D$21,$A10,Resources!$C$2:$C$21,C$3) | D10: =COUNTIFS(Resources!$D$2:$D$21,$A10,Resources!$C$2:$C$21,D$3) | E10: =COUNTIFS(Resources!$D$2:$D$21,$A10,Resources!$C$2:$C$21,E$3) | F10: =COUNTIFS(Resources!$D$2:$D$21,$A10,Resources!$C$2:$C$21,F$3) | G10: =SUM(B10:F10)
A11: Midtown | B11: =COUNTIFS(Resources!$D$2:$D$21,$A11,Resources!$C$2:$C$21,B$3) | C11: =COUNTIFS(Resources!$D$2:$D$21,$A11,Resources!$C$2:$C$21,C$3) | D11: =COUNTIFS(Resources!$D$2:$D$21,$A11,Resources!$C$2:$C$21,D$3) | E11: =COUNTIFS(Resources!$D$2:$D$21,$A11,Resources!$C$2:$C$21,E$3) | F11: =COUNTIFS(Resources!$D$2:$D$21,$A11,Resources!$C$2:$C$21,F$3) | G11: =SUM(B11:F11)
A12: Near Northside | B12: =COUNTIFS(Resources!$D$2:$D$21,$A12,Resources!$C$2:$C$21,B$3) | C12: =COUNTIFS(Resources!$D$2:$D$21,$A12,Resources!$C$2:$C$21,C$3) | D12: =COUNTIFS(Resources!$D$2:$D$21,$A12,Resources!$C$2:$C$21,D$3) | E12: =COUNTIFS(Resources!$D$2:$D$21,$A12,Resources!$C$2:$C$21,E$3) | F12: =COUNTIFS(Resources!$D$2:$D$21,$A12,Resources!$C$2:$C$21,F$3) | G12: =SUM(B12:F12)
A13: Northside | B13: =COUNTIFS(Resources!$D$2:$D$21,$A13,Resources!$C$2:$C$21,B$3) | C13: =COUNTIFS(Resources!$D$2:$D$21,$A13,Resources!$C$2:$C$21,C$3) | D13: =COUNTIFS(Resources!$D$2:$D$21,$A13,Resources!$C$2:$C$21,D$3) | E13: =COUNTIFS(Resources!$D$2:$D$21,$A13,Resources!$C$2:$C$21,E$3) | F13: =COUNTIFS(Resources!$D$2:$D$21,$A13,Resources!$C$2:$C$21,F$3) | G13: =SUM(B13:F13)
A14: Southwest Houston | B14: =COUNTIFS(Resources!$D$2:$D$21,$A14,Resources!$C$2:$C$21,B$3) | C14: =COUNTIFS(Resources!$D$2:$D$21,$A14,Resources!$C$2:$C$21,C$3) | D14: =COUNTIFS(Resources!$D$2:$D$21,$A14,Resources!$C$2:$C$21,D$3) | E14: =COUNTIFS(Resources!$D$2:$D$21,$A14,Resources!$C$2:$C$21,E$3) | F14: =COUNTIFS(Resources!$D$2:$D$21,$A14,Resources!$C$2:$C$21,F$3) | G14: =SUM(B14:F14)
A15: Citywide | B15: =COUNTIFS(Resources!$D$2:$D$21,$A15,Resources!$C$2:$C$21,B$3) | C15: =COUNTIFS(Resources!$D$2:$D$21,$A15,Resources!$C$2:$C$21,C$3) | D15: =COUNTIFS(Resources!$D$2:$D$21,$A15,Resources!$C$2:$C$21,D$3) | E15: =COUNTIFS(Resources!$D$2:$D$21,$A15,Resources!$C$2:$C$21,E$3) | F15: =COUNTIFS(Resources!$D$2:$D$21,$A15,Resources!$C$2:$C$21,F$3) | G15: =SUM(B15:F15)

Sheet Coverage Gaps
A1: Coverage Gaps in High Foreign-Born Focus Neighborhoods
A2: Gulfton, Alief, Spring Branch and Sharpstown are flagged as focus areas based on documented high foreign-born / immigrant population share (see data/neighborhood_context.csv).
A4: Neighborhood | B4: Category | C4: Resource Count | D4: Status
A5: Gulfton | B5: Refugee & Immigration Services | C5: =COUNTIFS(Resources!$D$2:$D$21,$A5,Resources!$C$2:$C$21,$B5) | D5: =IF(C5=0,"Gap - no local provider","Covered")
A6: Gulfton | B6: Multi-Service Community Center | C6: =COUNTIFS(Resources!$D$2:$D$21,$A6,Resources!$C$2:$C$21,$B6) | D6: =IF(C6=0,"Gap - no local provider","Covered")
A7: Gulfton | B7: Education & ESL | C7: =COUNTIFS(Resources!$D$2:$D$21,$A7,Resources!$C$2:$C$21,$B7) | D7: =IF(C7=0,"Gap - no local provider","Covered")
A8: Gulfton | B8: Healthcare | C8: =COUNTIFS(Resources!$D$2:$D$21,$A8,Resources!$C$2:$C$21,$B8) | D8: =IF(C8=0,"Gap - no local provider","Covered")
A9: Gulfton | B9: Food Assistance | C9: =COUNTIFS(Resources!$D$2:$D$21,$A9,Resources!$C$2:$C$21,$B9) | D9: =IF(C9=0,"Gap - no local provider","Covered")
A10: Alief | B10: Refugee & Immigration Services | C10: =COUNTIFS(Resources!$D$2:$D$21,$A10,Resources!$C$2:$C$21,$B10) | D10: =IF(C10=0,"Gap - no local provider","Covered")
A11: Alief | B11: Multi-Service Community Center | C11: =COUNTIFS(Resources!$D$2:$D$21,$A11,Resources!$C$2:$C$21,$B11) | D11: =IF(C11=0,"Gap - no local provider","Covered")
A12: Alief | B12: Education & ESL | C12: =COUNTIFS(Resources!$D$2:$D$21,$A12,Resources!$C$2:$C$21,$B12) | D12: =IF(C12=0,"Gap - no local provider","Covered")
A13: Alief | B13: Healthcare | C13: =COUNTIFS(Resources!$D$2:$D$21,$A13,Resources!$C$2:$C$21,$B13) | D13: =IF(C13=0,"Gap - no local provider","Covered")
A14: Alief | B14: Food Assistance | C14: =COUNTIFS(Resources!$D$2:$D$21,$A14,Resources!$C$2:$C$21,$B14) | D14: =IF(C14=0,"Gap - no local provider","Covered")
A15: Spring Branch | B15: Refugee & Immigration Services | C15: =COUNTIFS(Resources!$D$2:$D$21,$A15,Resources!$C$2:$C$21,$B15) | D15: =IF(C15=0,"Gap - no local provider","Covered")
A16: Spring Branch | B16: Multi-Service Community Center | C16: =COUNTIFS(Resources!$D$2:$D$21,$A16,Resources!$C$2:$C$21,$B16) | D16: =IF(C16=0,"Gap - no local provider","Covered")
... A24: Sharpstown | B24: Food Assistance | C24: =COUNTIFS(Resources!$D$2:$D$21,$A24,Resources!$C$2:$C$21,$B24) | D24: =IF(C24=0,"Gap - no local provider","Covered")
